simulation_id,event_type,table_id,value,timestamp
1,request,,1,
1,wait_time,T3,61.568,
1,delivery_time,T3,61.536,
1,completion,,1,
1,return_time,T3,60.89599999999999,
1,request,,2,
2,request,,1,
2,wait_time,T2,181.312,
2,delivery_time,T2,181.28,
2,completion,,1,
2,return_time,T2,66.08000000000001,
2,request,,2,
3,request,,1,
3,wait_time,T5,229.824,
3,delivery_time,T5,229.792,
3,completion,,1,
3,return_time,T5,12.319999999999993,
3,request,,2,
4,request,,1,
5,request,,1,
5,wait_time,T2,64.288,
5,delivery_time,T2,64.256,
5,completion,,1,
5,return_time,T2,36.512,
5,request,,2,
5,wait_time,T2,87.104,
5,delivery_time,T2,56.06399999999999,
5,completion,,2,
5,return_time,T2,14.015999999999991,
5,request,,3,
5,wait_time,T2,68.89600000000002,
5,delivery_time,T2,56.96000000000001,
5,completion,,3,
6,request,,1,
6,wait_time,T5,74.112,
6,delivery_time,T5,74.08,
6,completion,,1,
6,return_time,T5,21.951999999999998,
6,request,,2,
6,wait_time,T2,332.06399999999996,
6,delivery_time,T2,245.728,
6,completion,,2,
6,return_time,T2,15.135999999999967,
6,request,,3,
