metric,policy,run,table,source_log,line,avg,base_at,completed_at,count,done_at,experiment_label,first_period,hybrid_distance_weight,hybrid_wait_weight,max,max_completed,max_period,max_sim_time,min_period,pending_wait,repeat,requested_at,return,seed,served_at,stop_at,stop_delay,total,wait
wait_time,FIFO,FIFO-1,T1,FIFO-1.log,196,10.08s,,,1,,FIFO,5,30,1,10.08s,10,16,420,8,,1,5.02,,1001,15.10,,5,,10.08s
total_time,FIFO,FIFO-1,T1,FIFO-1.log,224,,,17.15,1,,FIFO,5,30,1,,10,16,420,8,,1,5.02,,1001,,,5,12.13s,
return_time,FIFO,FIFO-1,T1,FIFO-1.log,615,35.10s,52.22,,1,17.12,FIFO,5,30,1,35.10s,10,16,420,8,,1,,35.10s,1001,,,5,,
wait_time,FIFO,FIFO-1,T2,FIFO-1.log,666,23.52s,,,2,,FIFO,5,30,1,36.96s,10,16,420,8,,1,19.14,,1001,56.10,,5,,36.96s
total_time,FIFO,FIFO-1,T2,FIFO-1.log,692,,,58.14,2,,FIFO,5,30,1,,10,16,420,8,,1,19.14,,1001,,,5,39.01s,
return_time,FIFO,FIFO-1,T2,FIFO-1.log,743,19.65s,62.30,,2,58.11,FIFO,5,30,1,35.10s,10,16,420,8,,1,,4.19s,1001,,,5,,
wait_time,FIFO,FIFO-1,T1,FIFO-1.log,1069,34.27s,,,3,,FIFO,5,30,1,55.78s,10,16,420,8,,1,34.05,,1001,89.82,,5,,55.78s
total_time,FIFO,FIFO-1,T1,FIFO-1.log,1097,,,91.87,3,,FIFO,5,30,1,,10,16,420,8,,1,34.05,,1001,,,5,57.82s,
return_time,FIFO,FIFO-1,T1,FIFO-1.log,1186,15.71s,99.68,,3,91.84,FIFO,5,30,1,35.10s,10,16,420,8,,1,,7.84s,1001,,,5,,
wait_time,FIFO,FIFO-1,T6,FIFO-1.log,1575,47.64s,,,4,,FIFO,5,30,1,87.74s,10,16,420,8,,1,46.50,,1001,134.24,,5,,87.74s
total_time,FIFO,FIFO-1,T6,FIFO-1.log,1603,,,136.29,4,,FIFO,5,30,1,,10,16,420,8,,1,46.50,,1001,,,5,89.79s,
return_time,FIFO,FIFO-1,T6,FIFO-1.log,1917,18.71s,163.97,,4,136.26,FIFO,5,30,1,35.10s,10,16,420,8,,1,,27.71s,1001,,,5,,
wait_time,FIFO,FIFO-1,T5,FIFO-1.log,2036,61.04s,,,5,,FIFO,5,30,1,114.66s,10,16,420,8,,1,60.80,,1001,175.46,,5,,114.66s
total_time,FIFO,FIFO-1,T5,FIFO-1.log,2063,,,177.50,5,,FIFO,5,30,1,,10,16,420,8,,1,60.80,,1001,,,5,116.70s,
return_time,FIFO,FIFO-1,T5,FIFO-1.log,2310,19.13s,198.27,,5,177.47,FIFO,5,30,1,35.10s,10,16,420,8,,1,,20.80s,1001,,,5,,
wait_time,FIFO,FIFO-1,T4,FIFO-1.log,2361,72.17s,,,6,,FIFO,5,30,1,127.81s,10,16,420,8,,1,74.59,,1001,202.40,,5,,127.81s
total_time,FIFO,FIFO-1,T4,FIFO-1.log,2389,,,204.45,6,,FIFO,5,30,1,,10,16,420,8,,1,74.59,,1001,,,5,129.86s,
return_time,FIFO,FIFO-1,T4,FIFO-1.log,2461,17.11s,211.42,,6,204.42,FIFO,5,30,1,35.10s,10,16,420,8,,1,,7.01s,1001,,,5,,
wait_time,FIFO,FIFO-1,T3,FIFO-1.log,2780,83.51s,,,7,,FIFO,5,30,1,151.55s,10,16,420,8,,1,87.81,,1001,239.36,,5,,151.55s
total_time,FIFO,FIFO-1,T3,FIFO-1.log,2808,,,241.41,7,,FIFO,5,30,1,,10,16,420,8,,1,87.81,,1001,,,5,153.60s,
return_time,FIFO,FIFO-1,T3,FIFO-1.log,3147,18.93s,271.20,,7,241.38,FIFO,5,30,1,35.10s,10,16,420,8,,1,,29.82s,1001,,,5,,
wait_time,FIFO,FIFO-1,T1,FIFO-1.log,3265,95.60s,,,8,,FIFO,5,30,1,180.19s,10,16,420,8,,1,102.08,,1001,282.27,,5,,180.19s
total_time,FIFO,FIFO-1,T1,FIFO-1.log,3294,,,284.32,8,,FIFO,5,30,1,,10,16,420,8,,1,102.08,,1001,,,5,182.24s,
return_time,FIFO,FIFO-1,T1,FIFO-1.log,3452,18.15s,297.02,,8,284.29,FIFO,5,30,1,35.10s,10,16,420,8,,1,,12.74s,1001,,,5,,
wait_time,FIFO,FIFO-1,T2,FIFO-1.log,3572,106.35s,,,9,,FIFO,5,30,1,192.35s,10,16,420,8,,1,114.94,,1001,307.30,,5,,192.35s
total_time,FIFO,FIFO-1,T2,FIFO-1.log,3600,,,309.34,9,,FIFO,5,30,1,,10,16,420,8,,1,114.94,,1001,,,5,194.40s,
return_time,FIFO,FIFO-1,T2,FIFO-1.log,3646,16.61s,313.57,,9,309.31,FIFO,5,30,1,35.10s,10,16,420,8,,1,,4.26s,1001,,,5,,
wait_time,FIFO,FIFO-1,T6,FIFO-1.log,4059,116.83s,,,10,,FIFO,5,30,1,211.17s,10,16,420,8,,1,138.82,,1001,349.98,,5,,211.17s
total_time,FIFO,FIFO-1,T6,FIFO-1.log,4087,,,352.03,10,,FIFO,5,30,1,,10,16,420,8,,1,138.82,,1001,,,5,213.22s,
pending_wait,FIFO,FIFO-1,T1,FIFO-1.log,4089,,,,,,FIFO,5,30,1,,10,16,420,8,57.95s,1,294.08,,1001,,352.03,5,,
pending_wait,FIFO,FIFO-1,T2,FIFO-1.log,4090,,,,,,FIFO,5,30,1,,10,16,420,8,31.23s,1,320.80,,1001,,352.03,5,,
pending_wait,FIFO,FIFO-1,T3,FIFO-1.log,4091,,,,,,FIFO,5,30,1,,10,16,420,8,106.82s,1,245.22,,1001,,352.03,5,,
pending_wait,FIFO,FIFO-1,T4,FIFO-1.log,4092,,,,,,FIFO,5,30,1,,10,16,420,8,143.14s,1,208.90,,1001,,352.03,5,,
pending_wait,FIFO,FIFO-1,T5,FIFO-1.log,4093,,,,,,FIFO,5,30,1,,10,16,420,8,172.32s,1,179.71,,1001,,352.03,5,,
wait_time,FIFO,FIFO-2,T5,FIFO-2.log,173,7.87s,,,1,,FIFO,5,30,1,7.87s,10,16,420,8,,2,5.02,,1002,12.90,,5,,7.87s
total_time,FIFO,FIFO-2,T5,FIFO-2.log,201,,,14.94,1,,FIFO,5,30,1,,10,16,420,8,,2,5.02,,1002,,,5,9.92s,
return_time,FIFO,FIFO-2,T5,FIFO-2.log,413,19.52s,34.43,,1,14.91,FIFO,5,30,1,19.52s,10,16,420,8,,2,,19.52s,1002,,,5,,
wait_time,FIFO,FIFO-2,T2,FIFO-2.log,489,14.69s,,,2,,FIFO,5,30,1,21.50s,10,16,420,8,,2,17.79,,1002,39.30,,5,,21.50s
total_time,FIFO,FIFO-2,T2,FIFO-2.log,517,,,41.34,2,,FIFO,5,30,1,,10,16,420,8,,2,17.79,,1002,,,5,23.55s,
return_time,FIFO,FIFO-2,T2,FIFO-2.log,563,11.90s,45.60,,2,41.31,FIFO,5,30,1,19.52s,10,16,420,8,,2,,4.29s,1002,,,5,,
wait_time,FIFO,FIFO-2,T4,FIFO-2.log,615,17.74s,,,3,,FIFO,5,30,1,23.84s,10,16,420,8,,2,26.94,,1002,50.78,,5,,23.84s
total_time,FIFO,FIFO-2,T4,FIFO-2.log,646,,,52.83,3,,FIFO,5,30,1,,10,16,420,8,,2,26.94,,1002,,,5,25.89s,
return_time,FIFO,FIFO-2,T4,FIFO-2.log,735,10.22s,59.65,,3,52.80,FIFO,5,30,1,19.52s,10,16,420,8,,2,,6.85s,1002,,,5,,
wait_time,FIFO,FIFO-2,T1,FIFO-2.log,857,21.02s,,,4,,FIFO,5,30,1,30.85s,10,16,420,8,,2,38.82,,1002,69.66,,5,,30.85s
total_time,FIFO,FIFO-2,T1,FIFO-2.log,883,,,71.71,4,,FIFO,5,30,1,,10,16,420,8,,2,38.82,,1002,,,5,32.90s,
return_time,FIFO,FIFO-2,T1,FIFO-2.log,1000,10.08s,81.34,,4,71.68,FIFO,5,30,1,19.52s,10,16,420,8,,2,,9.66s,1002,,,5,,
wait_time,FIFO,FIFO-2,T6,FIFO-2.log,1346,28.63s,,,5,,FIFO,5,30,1,59.07s,10,16,420,8,,2,52.48,,1002,111.55,,5,,59.07s
total_time,FIFO,FIFO-2,T6,FIFO-2.log,1377,,,113.60,5,,FIFO,5,30,1,,10,16,420,8,,2,52.48,,1002,,,5,61.12s,
return_time,FIFO,FIFO-2,T6,FIFO-2.log,1719,14.37s,145.12,,5,113.57,FIFO,5,30,1,31.55s,10,16,420,8,,2,,31.55s,1002,,,5,,
wait_time,FIFO,FIFO-2,T3,FIFO-2.log,2105,43.00s,,,6,,FIFO,5,30,1,114.88s,10,16,420,8,,2,64.58,,1002,179.46,,5,,114.88s
total_time,FIFO,FIFO-2,T3,FIFO-2.log,2131,,,181.50,6,,FIFO,5,30,1,,10,16,420,8,,2,64.58,,1002,,,5,116.93s,
return_time,FIFO,FIFO-2,T3,FIFO-2.log,2607,18.93s,223.17,,6,181.47,FIFO,5,30,1,41.70s,10,16,420,8,,2,,41.70s,1002,,,5,,
wait_time,FIFO,FIFO-2,T1,FIFO-2.log,2840,60.94s,,,7,,FIFO,5,30,1,168.58s,10,16,420,8,,2,74.40,,1002,242.98,,5,,168.58s
total_time,FIFO,FIFO-2,T1,FIFO-2.log,2866,,,245.02,7,,FIFO,5,30,1,,10,16,420,8,,2,74.40,,1002,,,5,170.62s,
return_time,FIFO,FIFO-2,T1,FIFO-2.log,3075,18.92s,263.84,,7,244.99,FIFO,5,30,1,41.70s,10,16,420,8,,2,,18.85s,1002,,,5,,
wait_time,FIFO,FIFO-2,T5,FIFO-2.log,3214,76.96s,,,8,,FIFO,5,30,1,189.12s,10,16,420,8,,2,85.79,,1002,274.91,,5,,189.12s
total_time,FIFO,FIFO-2,T5,FIFO-2.log,3240,,,276.96,8,,FIFO,5,30,1,,10,16,420,8,,2,85.79,,1002,,,5,191.17s,
return_time,FIFO,FIFO-2,T5,FIFO-2.log,3430,18.79s,294.82,,8,276.93,FIFO,5,30,1,41.70s,10,16,420,8,,2,,17.89s,1002,,,5,,
wait_time,FIFO,FIFO-2,T2,FIFO-2.log,3502,90.76s,,,9,,FIFO,5,30,1,201.12s,10,16,420,8,,2,98.27,,1002,299.39,,5,,201.12s
total_time,FIFO,FIFO-2,T2,FIFO-2.log,3530,,,301.44,9,,FIFO,5,30,1,,10,16,420,8,,2,98.27,,1002,,,5,203.17s,
return_time,FIFO,FIFO-2,T2,FIFO-2.log,3623,17.63s,309.79,,9,301.41,FIFO,5,30,1,41.70s,10,16,420,8,,2,,8.38s,1002,,,5,,
wait_time,FIFO,FIFO-2,T4,FIFO-2.log,3698,102.12s,,,10,,FIFO,5,30,1,204.42s,10,16,420,8,,2,112.35,,1002,316.77,,5,,204.42s
total_time,FIFO,FIFO-2,T4,FIFO-2.log,3724,,,318.82,10,,FIFO,5,30,1,,10,16,420,8,,2,112.35,,1002,,,5,206.46s,
pending_wait,FIFO,FIFO-2,T1,FIFO-2.log,3726,,,,,,FIFO,5,30,1,,10,16,420,8,73.70s,2,245.12,,1002,,318.82,5,,
pending_wait,FIFO,FIFO-2,T2,FIFO-2.log,3727,,,,,,FIFO,5,30,1,,10,16,420,8,12.77s,2,306.05,,1002,,318.82,5,,
pending_wait,FIFO,FIFO-2,T3,FIFO-2.log,3728,,,,,,FIFO,5,30,1,,10,16,420,8,129.09s,2,189.73,,1002,,318.82,5,,
pending_wait,FIFO,FIFO-2,T5,FIFO-2.log,3729,,,,,,FIFO,5,30,1,,10,16,420,8,34.14s,2,284.67,,1002,,318.82,5,,
pending_wait,FIFO,FIFO-2,T6,FIFO-2.log,3730,,,,,,FIFO,5,30,1,,10,16,420,8,195.97s,2,122.85,,1002,,318.82,5,,
wait_time,FIFO,FIFO-3,T4,FIFO-3.log,131,5.12s,,,1,,FIFO,5,30,1,5.12s,10,16,420,8,,3,5.02,,1003,10.14,,5,,5.12s
total_time,FIFO,FIFO-3,T4,FIFO-3.log,159,,,12.19,1,,FIFO,5,30,1,,10,16,420,8,,3,5.02,,1003,,,5,7.17s,
return_time,FIFO,FIFO-3,T4,FIFO-3.log,388,19.46s,31.62,,1,12.16,FIFO,5,30,1,19.46s,10,16,420,8,,3,,19.46s,1003,,,5,,
wait_time,FIFO,FIFO-3,T2,FIFO-3.log,483,13.52s,,,2,,FIFO,5,30,1,21.92s,10,16,420,8,,3,17.50,,1003,39.42,,5,,21.92s
total_time,FIFO,FIFO-3,T2,FIFO-3.log,511,,,41.47,2,,FIFO,5,30,1,,10,16,420,8,,3,17.50,,1003,,,5,23.97s,
return_time,FIFO,FIFO-3,T2,FIFO-3.log,560,11.86s,45.70,,2,41.44,FIFO,5,30,1,19.46s,10,16,420,8,,3,,4.26s,1003,,,5,,
wait_time,FIFO,FIFO-3,T5,FIFO-3.log,727,18.65s,,,3,,FIFO,5,30,1,28.90s,10,16,420,8,,3,31.30,,1003,60.19,,5,,28.90s
total_time,FIFO,FIFO-3,T5,FIFO-3.log,756,,,62.24,3,,FIFO,5,30,1,,10,16,420,8,,3,31.30,,1003,,,5,30.94s,
return_time,FIFO,FIFO-3,T5,FIFO-3.log,1030,15.83s,85.98,,3,62.21,FIFO,5,30,1,23.78s,10,16,420,8,,3,,23.78s,1003,,,5,,
wait_time,FIFO,FIFO-3,T4,FIFO-3.log,1127,26.47s,,,4,,FIFO,5,30,1,49.95s,10,16,420,8,,3,43.62,,1003,93.57,,5,,49.95s
total_time,FIFO,FIFO-3,T4,FIFO-3.log,1153,,,95.62,4,,FIFO,5,30,1,,10,16,420,8,,3,43.62,,1003,,,5,52.00s,
return_time,FIFO,FIFO-3,T4,FIFO-3.log,1227,13.58s,102.43,,4,95.58,FIFO,5,30,1,23.78s,10,16,420,8,,3,,6.85s,1003,,,5,,
wait_time,FIFO,FIFO-3,T3,FIFO-3.log,1570,37.22s,,,5,,FIFO,5,30,1,80.19s,10,16,420,8,,3,51.84,,1003,132.03,,5,,80.19s
total_time,FIFO,FIFO-3,T3,FIFO-3.log,1596,,,134.08,5,,FIFO,5,30,1,,10,16,420,8,,3,51.84,,1003,,,5,82.24s,
return_time,FIFO,FIFO-3,T3,FIFO-3.log,1896,16.36s,161.50,,5,134.05,FIFO,5,30,1,27.46s,10,16,420,8,,3,,27.46s,1003,,,5,,
wait_time,FIFO,FIFO-3,T6,FIFO-3.log,4616,88.14s,,,6,,FIFO,5,30,1,342.75s,10,16,420,8,,3,60.38,,1003,403.14,,5,,342.75s
total_time,FIFO,FIFO-3,T6,FIFO-3.log,4643,,,405.18,6,,FIFO,5,30,1,,10,16,420,8,,3,60.38,,1003,,,5,344.80s,
wait_time,HYBRID,HYBRID-1,T1,HYBRID-1.log,196,10.08s,,,1,,HYBRID,5,30,1,10.08s,10,16,420,8,,1,5.02,,1001,15.10,,5,,10.08s
total_time,HYBRID,HYBRID-1,T1,HYBRID-1.log,224,,,17.15,1,,HYBRID,5,30,1,,10,16,420,8,,1,5.02,,1001,,,5,12.13s,
return_time,HYBRID,HYBRID-1,T1,HYBRID-1.log,615,35.10s,52.22,,1,17.12,HYBRID,5,30,1,35.10s,10,16,420,8,,1,,35.10s,1001,,,5,,
wait_time,HYBRID,HYBRID-1,T2,HYBRID-1.log,666,23.52s,,,2,,HYBRID,5,30,1,36.96s,10,16,420,8,,1,19.14,,1001,56.10,,5,,36.96s
total_time,HYBRID,HYBRID-1,T2,HYBRID-1.log,694,,,58.14,2,,HYBRID,5,30,1,,10,16,420,8,,1,19.14,,1001,,,5,39.01s,
return_time,HYBRID,HYBRID-1,T2,HYBRID-1.log,743,19.65s,62.30,,2,58.11,HYBRID,5,30,1,35.10s,10,16,420,8,,1,,4.19s,1001,,,5,,
wait_time,HYBRID,HYBRID-1,T1,HYBRID-1.log,1069,34.27s,,,3,,HYBRID,5,30,1,55.78s,10,16,420,8,,1,34.05,,1001,89.82,,5,,55.78s
total_time,HYBRID,HYBRID-1,T1,HYBRID-1.log,1097,,,91.87,3,,HYBRID,5,30,1,,10,16,420,8,,1,34.05,,1001,,,5,57.82s,
return_time,HYBRID,HYBRID-1,T1,HYBRID-1.log,1186,15.71s,99.68,,3,91.84,HYBRID,5,30,1,35.10s,10,16,420,8,,1,,7.84s,1001,,,5,,
wait_time,HYBRID,HYBRID-1,T6,HYBRID-1.log,1575,47.64s,,,4,,HYBRID,5,30,1,87.74s,10,16,420,8,,1,46.50,,1001,134.24,,5,,87.74s
total_time,HYBRID,HYBRID-1,T6,HYBRID-1.log,1603,,,136.29,4,,HYBRID,5,30,1,,10,16,420,8,,1,46.50,,1001,,,5,89.79s,
return_time,HYBRID,HYBRID-1,T6,HYBRID-1.log,1917,18.71s,163.97,,4,136.26,HYBRID,5,30,1,35.10s,10,16,420,8,,1,,27.71s,1001,,,5,,
wait_time,HYBRID,HYBRID-1,T5,HYBRID-1.log,2036,61.04s,,,5,,HYBRID,5,30,1,114.66s,10,16,420,8,,1,60.80,,1001,175.46,,5,,114.66s
total_time,HYBRID,HYBRID-1,T5,HYBRID-1.log,2064,,,177.50,5,,HYBRID,5,30,1,,10,16,420,8,,1,60.80,,1001,,,5,116.70s,
return_time,HYBRID,HYBRID-1,T5,HYBRID-1.log,2310,19.13s,198.27,,5,177.47,HYBRID,5,30,1,35.10s,10,16,420,8,,1,,20.80s,1001,,,5,,
wait_time,HYBRID,HYBRID-1,T4,HYBRID-1.log,2361,72.17s,,,6,,HYBRID,5,30,1,127.81s,10,16,420,8,,1,74.59,,1001,202.40,,5,,127.81s
total_time,HYBRID,HYBRID-1,T4,HYBRID-1.log,2387,,,204.45,6,,HYBRID,5,30,1,,10,16,420,8,,1,74.59,,1001,,,5,129.86s,
return_time,HYBRID,HYBRID-1,T4,HYBRID-1.log,2461,17.11s,211.42,,6,204.42,HYBRID,5,30,1,35.10s,10,16,420,8,,1,,7.01s,1001,,,5,,
wait_time,HYBRID,HYBRID-1,T3,HYBRID-1.log,2780,83.51s,,,7,,HYBRID,5,30,1,151.55s,10,16,420,8,,1,87.81,,1001,239.36,,5,,151.55s
total_time,HYBRID,HYBRID-1,T3,HYBRID-1.log,2808,,,241.41,7,,HYBRID,5,30,1,,10,16,420,8,,1,87.81,,1001,,,5,153.60s,
return_time,HYBRID,HYBRID-1,T3,HYBRID-1.log,3147,18.93s,271.20,,7,241.38,HYBRID,5,30,1,35.10s,10,16,420,8,,1,,29.82s,1001,,,5,,
wait_time,HYBRID,HYBRID-1,T1,HYBRID-1.log,3265,95.60s,,,8,,HYBRID,5,30,1,180.19s,10,16,420,8,,1,102.08,,1001,282.27,,5,,180.19s
total_time,HYBRID,HYBRID-1,T1,HYBRID-1.log,3292,,,284.32,8,,HYBRID,5,30,1,,10,16,420,8,,1,102.08,,1001,,,5,182.24s,
return_time,HYBRID,HYBRID-1,T1,HYBRID-1.log,3452,18.15s,297.02,,8,284.29,HYBRID,5,30,1,35.10s,10,16,420,8,,1,,12.74s,1001,,,5,,
wait_time,HYBRID,HYBRID-1,T2,HYBRID-1.log,3572,106.35s,,,9,,HYBRID,5,30,1,192.35s,10,16,420,8,,1,114.94,,1001,307.30,,5,,192.35s
total_time,HYBRID,HYBRID-1,T2,HYBRID-1.log,3598,,,309.34,9,,HYBRID,5,30,1,,10,16,420,8,,1,114.94,,1001,,,5,194.40s,
return_time,HYBRID,HYBRID-1,T2,HYBRID-1.log,3646,16.61s,313.57,,9,309.31,HYBRID,5,30,1,35.10s,10,16,420,8,,1,,4.26s,1001,,,5,,
wait_time,HYBRID,HYBRID-1,T6,HYBRID-1.log,4059,116.83s,,,10,,HYBRID,5,30,1,211.17s,10,16,420,8,,1,138.82,,1001,349.98,,5,,211.17s
total_time,HYBRID,HYBRID-1,T6,HYBRID-1.log,4087,,,352.03,10,,HYBRID,5,30,1,,10,16,420,8,,1,138.82,,1001,,,5,213.22s,
pending_wait,HYBRID,HYBRID-1,T1,HYBRID-1.log,4089,,,,,,HYBRID,5,30,1,,10,16,420,8,57.95s,1,294.08,,1001,,352.03,5,,
pending_wait,HYBRID,HYBRID-1,T2,HYBRID-1.log,4090,,,,,,HYBRID,5,30,1,,10,16,420,8,31.23s,1,320.80,,1001,,352.03,5,,
pending_wait,HYBRID,HYBRID-1,T3,HYBRID-1.log,4091,,,,,,HYBRID,5,30,1,,10,16,420,8,106.82s,1,245.22,,1001,,352.03,5,,
pending_wait,HYBRID,HYBRID-1,T4,HYBRID-1.log,4092,,,,,,HYBRID,5,30,1,,10,16,420,8,143.14s,1,208.90,,1001,,352.03,5,,
pending_wait,HYBRID,HYBRID-1,T5,HYBRID-1.log,4093,,,,,,HYBRID,5,30,1,,10,16,420,8,172.32s,1,179.71,,1001,,352.03,5,,
wait_time,HYBRID,HYBRID-2,T5,HYBRID-2.log,173,7.87s,,,1,,HYBRID,5,30,1,7.87s,10,16,420,8,,2,5.02,,1002,12.90,,5,,7.87s
total_time,HYBRID,HYBRID-2,T5,HYBRID-2.log,199,,,14.94,1,,HYBRID,5,30,1,,10,16,420,8,,2,5.02,,1002,,,5,9.92s,
return_time,HYBRID,HYBRID-2,T5,HYBRID-2.log,413,19.52s,34.43,,1,14.91,HYBRID,5,30,1,19.52s,10,16,420,8,,2,,19.52s,1002,,,5,,
wait_time,HYBRID,HYBRID-2,T2,HYBRID-2.log,489,14.69s,,,2,,HYBRID,5,30,1,21.50s,10,16,420,8,,2,17.79,,1002,39.30,,5,,21.50s
total_time,HYBRID,HYBRID-2,T2,HYBRID-2.log,515,,,41.34,2,,HYBRID,5,30,1,,10,16,420,8,,2,17.79,,1002,,,5,23.55s,
return_time,HYBRID,HYBRID-2,T2,HYBRID-2.log,563,11.90s,45.60,,2,41.31,HYBRID,5,30,1,19.52s,10,16,420,8,,2,,4.29s,1002,,,5,,
wait_time,HYBRID,HYBRID-2,T4,HYBRID-2.log,615,17.74s,,,3,,HYBRID,5,30,1,23.84s,10,16,420,8,,2,26.94,,1002,50.78,,5,,23.84s
total_time,HYBRID,HYBRID-2,T4,HYBRID-2.log,644,,,52.83,3,,HYBRID,5,30,1,,10,16,420,8,,2,26.94,,1002,,,5,25.89s,
return_time,HYBRID,HYBRID-2,T4,HYBRID-2.log,735,10.22s,59.65,,3,52.80,HYBRID,5,30,1,19.52s,10,16,420,8,,2,,6.85s,1002,,,5,,
wait_time,HYBRID,HYBRID-2,T1,HYBRID-2.log,857,21.02s,,,4,,HYBRID,5,30,1,30.85s,10,16,420,8,,2,38.82,,1002,69.66,,5,,30.85s
total_time,HYBRID,HYBRID-2,T1,HYBRID-2.log,883,,,71.71,4,,HYBRID,5,30,1,,10,16,420,8,,2,38.82,,1002,,,5,32.90s,
return_time,HYBRID,HYBRID-2,T1,HYBRID-2.log,1000,10.08s,81.34,,4,71.68,HYBRID,5,30,1,19.52s,10,16,420,8,,2,,9.66s,1002,,,5,,
wait_time,HYBRID,HYBRID-2,T6,HYBRID-2.log,1346,28.63s,,,5,,HYBRID,5,30,1,59.07s,10,16,420,8,,2,52.48,,1002,111.55,,5,,59.07s
total_time,HYBRID,HYBRID-2,T6,HYBRID-2.log,1377,,,113.60,5,,HYBRID,5,30,1,,10,16,420,8,,2,52.48,,1002,,,5,61.12s,
return_time,HYBRID,HYBRID-2,T6,HYBRID-2.log,1719,14.37s,145.12,,5,113.57,HYBRID,5,30,1,31.55s,10,16,420,8,,2,,31.55s,1002,,,5,,
wait_time,HYBRID,HYBRID-2,T3,HYBRID-2.log,2105,43.00s,,,6,,HYBRID,5,30,1,114.88s,10,16,420,8,,2,64.58,,1002,179.46,,5,,114.88s
total_time,HYBRID,HYBRID-2,T3,HYBRID-2.log,2131,,,181.50,6,,HYBRID,5,30,1,,10,16,420,8,,2,64.58,,1002,,,5,116.93s,
return_time,HYBRID,HYBRID-2,T3,HYBRID-2.log,2607,18.93s,223.17,,6,181.47,HYBRID,5,30,1,41.70s,10,16,420,8,,2,,41.70s,1002,,,5,,
wait_time,HYBRID,HYBRID-2,T1,HYBRID-2.log,2840,60.94s,,,7,,HYBRID,5,30,1,168.58s,10,16,420,8,,2,74.40,,1002,242.98,,5,,168.58s
total_time,HYBRID,HYBRID-2,T1,HYBRID-2.log,2866,,,245.02,7,,HYBRID,5,30,1,,10,16,420,8,,2,74.40,,1002,,,5,170.62s,
return_time,HYBRID,HYBRID-2,T1,HYBRID-2.log,3075,18.92s,263.84,,7,244.99,HYBRID,5,30,1,41.70s,10,16,420,8,,2,,18.85s,1002,,,5,,
wait_time,HYBRID,HYBRID-2,T5,HYBRID-2.log,3214,76.96s,,,8,,HYBRID,5,30,1,189.12s,10,16,420,8,,2,85.79,,1002,274.91,,5,,189.12s
total_time,HYBRID,HYBRID-2,T5,HYBRID-2.log,3240,,,276.96,8,,HYBRID,5,30,1,,10,16,420,8,,2,85.79,,1002,,,5,191.17s,
return_time,HYBRID,HYBRID-2,T5,HYBRID-2.log,3430,18.79s,294.82,,8,276.93,HYBRID,5,30,1,41.70s,10,16,420,8,,2,,17.89s,1002,,,5,,
wait_time,HYBRID,HYBRID-2,T2,HYBRID-2.log,3502,90.76s,,,9,,HYBRID,5,30,1,201.12s,10,16,420,8,,2,98.27,,1002,299.39,,5,,201.12s
total_time,HYBRID,HYBRID-2,T2,HYBRID-2.log,3528,,,301.44,9,,HYBRID,5,30,1,,10,16,420,8,,2,98.27,,1002,,,5,203.17s,
return_time,HYBRID,HYBRID-2,T2,HYBRID-2.log,3623,17.63s,309.79,,9,301.41,HYBRID,5,30,1,41.70s,10,16,420,8,,2,,8.38s,1002,,,5,,
wait_time,HYBRID,HYBRID-2,T4,HYBRID-2.log,3698,102.12s,,,10,,HYBRID,5,30,1,204.42s,10,16,420,8,,2,112.35,,1002,316.77,,5,,204.42s
total_time,HYBRID,HYBRID-2,T4,HYBRID-2.log,3724,,,318.82,10,,HYBRID,5,30,1,,10,16,420,8,,2,112.35,,1002,,,5,206.46s,
pending_wait,HYBRID,HYBRID-2,T1,HYBRID-2.log,3726,,,,,,HYBRID,5,30,1,,10,16,420,8,73.70s,2,245.12,,1002,,318.82,5,,
pending_wait,HYBRID,HYBRID-2,T2,HYBRID-2.log,3727,,,,,,HYBRID,5,30,1,,10,16,420,8,12.77s,2,306.05,,1002,,318.82,5,,
pending_wait,HYBRID,HYBRID-2,T3,HYBRID-2.log,3728,,,,,,HYBRID,5,30,1,,10,16,420,8,129.09s,2,189.73,,1002,,318.82,5,,
pending_wait,HYBRID,HYBRID-2,T5,HYBRID-2.log,3729,,,,,,HYBRID,5,30,1,,10,16,420,8,34.14s,2,284.67,,1002,,318.82,5,,
pending_wait,HYBRID,HYBRID-2,T6,HYBRID-2.log,3730,,,,,,HYBRID,5,30,1,,10,16,420,8,195.97s,2,122.85,,1002,,318.82,5,,
wait_time,HYBRID,HYBRID-3,T4,HYBRID-3.log,131,5.12s,,,1,,HYBRID,5,30,1,5.12s,10,16,420,8,,3,5.02,,1003,10.14,,5,,5.12s
total_time,HYBRID,HYBRID-3,T4,HYBRID-3.log,157,,,12.19,1,,HYBRID,5,30,1,,10,16,420,8,,3,5.02,,1003,,,5,7.17s,
return_time,HYBRID,HYBRID-3,T4,HYBRID-3.log,388,19.46s,31.62,,1,12.16,HYBRID,5,30,1,19.46s,10,16,420,8,,3,,19.46s,1003,,,5,,
wait_time,HYBRID,HYBRID-3,T2,HYBRID-3.log,483,13.52s,,,2,,HYBRID,5,30,1,21.92s,10,16,420,8,,3,17.50,,1003,39.42,,5,,21.92s
total_time,HYBRID,HYBRID-3,T2,HYBRID-3.log,511,,,41.47,2,,HYBRID,5,30,1,,10,16,420,8,,3,17.50,,1003,,,5,23.97s,
return_time,HYBRID,HYBRID-3,T2,HYBRID-3.log,560,11.86s,45.70,,2,41.44,HYBRID,5,30,1,19.46s,10,16,420,8,,3,,4.26s,1003,,,5,,
wait_time,HYBRID,HYBRID-3,T5,HYBRID-3.log,727,18.65s,,,3,,HYBRID,5,30,1,28.90s,10,16,420,8,,3,31.30,,1003,60.19,,5,,28.90s
total_time,HYBRID,HYBRID-3,T5,HYBRID-3.log,756,,,62.24,3,,HYBRID,5,30,1,,10,16,420,8,,3,31.30,,1003,,,5,30.94s,
return_time,HYBRID,HYBRID-3,T5,HYBRID-3.log,1030,15.83s,85.98,,3,62.21,HYBRID,5,30,1,23.78s,10,16,420,8,,3,,23.78s,1003,,,5,,
wait_time,HYBRID,HYBRID-3,T4,HYBRID-3.log,1127,26.47s,,,4,,HYBRID,5,30,1,49.95s,10,16,420,8,,3,43.62,,1003,93.57,,5,,49.95s
total_time,HYBRID,HYBRID-3,T4,HYBRID-3.log,1153,,,95.62,4,,HYBRID,5,30,1,,10,16,420,8,,3,43.62,,1003,,,5,52.00s,
return_time,HYBRID,HYBRID-3,T4,HYBRID-3.log,1227,13.58s,102.43,,4,95.58,HYBRID,5,30,1,23.78s,10,16,420,8,,3,,6.85s,1003,,,5,,
wait_time,HYBRID,HYBRID-3,T3,HYBRID-3.log,1570,37.22s,,,5,,HYBRID,5,30,1,80.19s,10,16,420,8,,3,51.84,,1003,132.03,,5,,80.19s
total_time,HYBRID,HYBRID-3,T3,HYBRID-3.log,1596,,,134.08,5,,HYBRID,5,30,1,,10,16,420,8,,3,51.84,,1003,,,5,82.24s,
return_time,HYBRID,HYBRID-3,T3,HYBRID-3.log,1896,16.36s,161.50,,5,134.05,HYBRID,5,30,1,27.46s,10,16,420,8,,3,,27.46s,1003,,,5,,
wait_time,HYBRID,HYBRID-3,T1,HYBRID-3.log,2493,54.66s,,,6,,HYBRID,5,30,1,141.86s,10,16,420,8,,3,72.00,,1003,213.86,,5,,141.86s
total_time,HYBRID,HYBRID-3,T1,HYBRID-3.log,2521,,,215.90,6,,HYBRID,5,30,1,,10,16,420,8,,3,72.00,,1003,,,5,143.90s,
return_time,HYBRID,HYBRID-3,T1,HYBRID-3.log,2731,16.73s,234.43,,6,215.87,HYBRID,5,30,1,27.46s,10,16,420,8,,3,,18.56s,1003,,,5,,
wait_time,HYBRID,HYBRID-3,T6,HYBRID-3.log,3252,78.34s,,,7,,HYBRID,5,30,1,220.42s,10,16,420,8,,3,60.38,,1003,280.80,,5,,220.42s
total_time,HYBRID,HYBRID-3,T6,HYBRID-3.log,3278,,,282.85,7,,HYBRID,5,30,1,,10,16,420,8,,3,60.38,,1003,,,5,222.46s,
return_time,HYBRID,HYBRID-3,T6,HYBRID-3.log,3891,22.12s,337.28,,7,282.82,HYBRID,5,30,1,54.46s,10,16,420,8,,3,,54.46s,1003,,,5,,
wait_time,HYBRID,HYBRID-3,T5,HYBRID-3.log,4144,102.48s,,,8,,HYBRID,5,30,1,271.52s,10,16,420,8,,3,87.20,,1003,358.72,,5,,271.52s
total_time,HYBRID,HYBRID-3,T5,HYBRID-3.log,4173,,,360.77,8,,HYBRID,5,30,1,,10,16,420,8,,3,87.20,,1003,,,5,273.57s,
return_time,HYBRID,HYBRID-3,T5,HYBRID-3.log,4466,22.48s,385.76,,8,360.74,HYBRID,5,30,1,54.46s,10,16,420,8,,3,,25.02s,1003,,,5,,
wait_time,HYBRID,HYBRID-3,T2,HYBRID-3.log,4541,123.66s,,,9,,HYBRID,5,30,1,293.06s,10,16,420,8,,3,99.87,,1003,392.93,,5,,293.06s
total_time,HYBRID,HYBRID-3,T2,HYBRID-3.log,4567,,,394.98,9,,HYBRID,5,30,1,,10,16,420,8,,3,99.87,,1003,,,5,295.10s,
return_time,HYBRID,HYBRID-3,T2,HYBRID-3.log,4707,21.39s,407.65,,9,394.94,HYBRID,5,30,1,54.46s,10,16,420,8,,3,,12.70s,1003,,,5,,
wait_time,HYBRID,HYBRID-3,T4,HYBRID-3.log,4802,141.46s,,,10,,HYBRID,5,30,1,301.66s,10,16,420,8,,3,113.02,,1003,414.69,,5,,301.66s
total_time,HYBRID,HYBRID-3,T4,HYBRID-3.log,4828,,,416.74,10,,HYBRID,5,30,1,,10,16,420,8,,3,113.02,,1003,,,5,303.71s,
pending_wait,HYBRID,HYBRID-3,T1,HYBRID-3.log,4830,,,,,,HYBRID,5,30,1,,10,16,420,8,199.84s,3,216.90,,1003,,416.74,5,,
pending_wait,HYBRID,HYBRID-3,T2,HYBRID-3.log,4831,,,,,,HYBRID,5,30,1,,10,16,420,8,17.15s,3,399.58,,1003,,416.74,5,,
pending_wait,HYBRID,HYBRID-3,T3,HYBRID-3.log,4832,,,,,,HYBRID,5,30,1,,10,16,420,8,279.65s,3,137.09,,1003,,416.74,5,,
pending_wait,HYBRID,HYBRID-3,T5,HYBRID-3.log,4833,,,,,,HYBRID,5,30,1,,10,16,420,8,42.56s,3,374.18,,1003,,416.74,5,,
pending_wait,HYBRID,HYBRID-3,T6,HYBRID-3.log,4834,,,,,,HYBRID,5,30,1,,10,16,420,8,128.10s,3,288.64,,1003,,416.74,5,,
wait_time,NEAREST,NEAREST-1,T1,NEAREST-1.log,196,10.08s,,,1,,NEAREST,5,30,1,10.08s,10,16,420,8,,1,5.02,,1001,15.10,,5,,10.08s
total_time,NEAREST,NEAREST-1,T1,NEAREST-1.log,222,,,17.15,1,,NEAREST,5,30,1,,10,16,420,8,,1,5.02,,1001,,,5,12.13s,
return_time,NEAREST,NEAREST-1,T1,NEAREST-1.log,615,35.10s,52.22,,1,17.12,NEAREST,5,30,1,35.10s,10,16,420,8,,1,,35.10s,1001,,,5,,
wait_time,NEAREST,NEAREST-1,T2,NEAREST-1.log,666,23.52s,,,2,,NEAREST,5,30,1,36.96s,10,16,420,8,,1,19.14,,1001,56.10,,5,,36.96s
total_time,NEAREST,NEAREST-1,T2,NEAREST-1.log,692,,,58.14,2,,NEAREST,5,30,1,,10,16,420,8,,1,19.14,,1001,,,5,39.01s,
return_time,NEAREST,NEAREST-1,T2,NEAREST-1.log,743,19.65s,62.30,,2,58.11,NEAREST,5,30,1,35.10s,10,16,420,8,,1,,4.19s,1001,,,5,,
wait_time,NEAREST,NEAREST-1,T1,NEAREST-1.log,1069,34.27s,,,3,,NEAREST,5,30,1,55.78s,10,16,420,8,,1,34.05,,1001,89.82,,5,,55.78s
total_time,NEAREST,NEAREST-1,T1,NEAREST-1.log,1095,,,91.87,3,,NEAREST,5,30,1,,10,16,420,8,,1,34.05,,1001,,,5,57.82s,
return_time,NEAREST,NEAREST-1,T1,NEAREST-1.log,1186,15.71s,99.68,,3,91.84,NEAREST,5,30,1,35.10s,10,16,420,8,,1,,7.84s,1001,,,5,,
wait_time,NEAREST,NEAREST-1,T4,NEAREST-1.log,1263,33.85s,,,4,,NEAREST,5,30,1,55.78s,10,16,420,8,,1,74.59,,1001,107.17,,5,,32.58s
total_time,NEAREST,NEAREST-1,T4,NEAREST-1.log,1291,,,109.22,4,,NEAREST,5,30,1,,10,16,420,8,,1,74.59,,1001,,,5,34.62s,
return_time,NEAREST,NEAREST-1,T4,NEAREST-1.log,1383,13.54s,116.22,,4,109.18,NEAREST,5,30,1,35.10s,10,16,420,8,,1,,7.04s,1001,,,5,,
wait_time,NEAREST,NEAREST-1,T2,NEAREST-1.log,1434,28.15s,,,5,,NEAREST,5,30,1,55.78s,10,16,420,8,,1,114.94,,1001,120.29,,5,,5.34s
total_time,NEAREST,NEAREST-1,T2,NEAREST-1.log,1460,,,122.34,5,,NEAREST,5,30,1,,10,16,420,8,,1,114.94,,1001,,,5,7.39s,
return_time,NEAREST,NEAREST-1,T2,NEAREST-1.log,1627,13.82s,137.22,,5,122.30,NEAREST,5,30,1,35.10s,10,16,420,8,,1,,14.91s,1001,,,5,,
wait_time,NEAREST,NEAREST-1,T2,NEAREST-1.log,1700,24.50s,,,6,,NEAREST,5,30,1,55.78s,10,16,420,8,,1,136.93,,1001,143.17,,5,,6.24s
total_time,NEAREST,NEAREST-1,T2,NEAREST-1.log,1726,,,145.22,6,,NEAREST,5,30,1,,10,16,420,8,,1,136.93,,1001,,,5,8.29s,
return_time,NEAREST,NEAREST-1,T2,NEAREST-1.log,1821,12.78s,152.77,,6,145.18,NEAREST,5,30,1,35.10s,10,16,420,8,,1,,7.58s,1001,,,5,,
wait_time,NEAREST,NEAREST-1,T2,NEAREST-1.log,1939,22.58s,,,7,,NEAREST,5,30,1,55.78s,10,16,420,8,,1,152.22,,1001,163.33,,5,,11.10s
total_time,NEAREST,NEAREST-1,T2,NEAREST-1.log,1965,,,165.38,7,,NEAREST,5,30,1,,10,16,420,8,,1,152.22,,1001,,,5,13.15s,
return_time,NEAREST,NEAREST-1,T2,NEAREST-1.log,2128,12.82s,178.43,,7,165.34,NEAREST,5,30,1,35.10s,10,16,420,8,,1,,13.09s,1001,,,5,,
wait_time,NEAREST,NEAREST-1,T2,NEAREST-1.log,2202,20.98s,,,8,,NEAREST,5,30,1,55.78s,10,16,420,8,,1,175.42,,1001,185.15,,5,,9.73s
total_time,NEAREST,NEAREST-1,T2,NEAREST-1.log,2230,,,187.20,8,,NEAREST,5,30,1,,10,16,420,8,,1,175.42,,1001,,,5,11.78s,
return_time,NEAREST,NEAREST-1,T2,NEAREST-1.log,2300,11.96s,193.09,,8,187.17,NEAREST,5,30,1,35.10s,10,16,420,8,,1,,5.92s,1001,,,5,,
wait_time,NEAREST,NEAREST-1,T2,NEAREST-1.log,2374,19.86s,,,9,,NEAREST,5,30,1,55.78s,10,16,420,8,,1,188.93,,1001,199.84,,5,,10.91s
total_time,NEAREST,NEAREST-1,T2,NEAREST-1.log,2402,,,201.89,9,,NEAREST,5,30,1,,10,16,420,8,,1,188.93,,1001,,,5,12.96s,
return_time,NEAREST,NEAREST-1,T2,NEAREST-1.log,2473,11.30s,207.87,,9,201.86,NEAREST,5,30,1,35.10s,10,16,420,8,,1,,6.02s,1001,,,5,,
wait_time,NEAREST,NEAREST-1,T2,NEAREST-1.log,2545,18.79s,,,10,,NEAREST,5,30,1,55.78s,10,16,420,8,,1,203.84,,1001,213.02,,5,,9.18s
total_time,NEAREST,NEAREST-1,T2,NEAREST-1.log,2571,,,215.07,10,,NEAREST,5,30,1,,10,16,420,8,,1,203.84,,1001,,,5,11.23s,
pending_wait,NEAREST,NEAREST-1,T1,NEAREST-1.log,2573,,,,,,NEAREST,5,30,1,,10,16,420,8,112.99s,1,102.08,,1001,,215.07,5,,
pending_wait,NEAREST,NEAREST-1,T3,NEAREST-1.log,2574,,,,,,NEAREST,5,30,1,,10,16,420,8,127.26s,1,87.81,,1001,,215.07,5,,
pending_wait,NEAREST,NEAREST-1,T4,NEAREST-1.log,2575,,,,,,NEAREST,5,30,1,,10,16,420,8,91.87s,1,123.20,,1001,,215.07,5,,
pending_wait,NEAREST,NEAREST-1,T5,NEAREST-1.log,2576,,,,,,NEAREST,5,30,1,,10,16,420,8,154.27s,1,60.80,,1001,,215.07,5,,
pending_wait,NEAREST,NEAREST-1,T6,NEAREST-1.log,2577,,,,,,NEAREST,5,30,1,,10,16,420,8,168.58s,1,46.50,,1001,,215.07,5,,
wait_time,NEAREST,NEAREST-2,T5,NEAREST-2.log,173,7.87s,,,1,,NEAREST,5,30,1,7.87s,10,16,420,8,,2,5.02,,1002,12.90,,5,,7.87s
total_time,NEAREST,NEAREST-2,T5,NEAREST-2.log,201,,,14.94,1,,NEAREST,5,30,1,,10,16,420,8,,2,5.02,,1002,,,5,9.92s,
return_time,NEAREST,NEAREST-2,T5,NEAREST-2.log,413,19.52s,34.43,,1,14.91,NEAREST,5,30,1,19.52s,10,16,420,8,,2,,19.52s,1002,,,5,,
wait_time,NEAREST,NEAREST-2,T2,NEAREST-2.log,489,14.69s,,,2,,NEAREST,5,30,1,21.50s,10,16,420,8,,2,17.79,,1002,39.30,,5,,21.50s
total_time,NEAREST,NEAREST-2,T2,NEAREST-2.log,515,,,41.34,2,,NEAREST,5,30,1,,10,16,420,8,,2,17.79,,1002,,,5,23.55s,
return_time,NEAREST,NEAREST-2,T2,NEAREST-2.log,563,11.90s,45.60,,2,41.31,NEAREST,5,30,1,19.52s,10,16,420,8,,2,,4.29s,1002,,,5,,
wait_time,NEAREST,NEAREST-2,T4,NEAREST-2.log,615,17.74s,,,3,,NEAREST,5,30,1,23.84s,10,16,420,8,,2,26.94,,1002,50.78,,5,,23.84s
total_time,NEAREST,NEAREST-2,T4,NEAREST-2.log,644,,,52.83,3,,NEAREST,5,30,1,,10,16,420,8,,2,26.94,,1002,,,5,25.89s,
return_time,NEAREST,NEAREST-2,T4,NEAREST-2.log,735,10.22s,59.65,,3,52.80,NEAREST,5,30,1,19.52s,10,16,420,8,,2,,6.85s,1002,,,5,,
wait_time,NEAREST,NEAREST-2,T1,NEAREST-2.log,857,21.02s,,,4,,NEAREST,5,30,1,30.85s,10,16,420,8,,2,38.82,,1002,69.66,,5,,30.85s
total_time,NEAREST,NEAREST-2,T1,NEAREST-2.log,883,,,71.71,4,,NEAREST,5,30,1,,10,16,420,8,,2,38.82,,1002,,,5,32.90s,
return_time,NEAREST,NEAREST-2,T1,NEAREST-2.log,1000,10.08s,81.34,,4,71.68,NEAREST,5,30,1,19.52s,10,16,420,8,,2,,9.66s,1002,,,5,,
wait_time,NEAREST,NEAREST-2,T1,NEAREST-2.log,1100,20.16s,,,5,,NEAREST,5,30,1,30.85s,10,16,420,8,,2,74.40,,1002,91.14,,5,,16.74s
total_time,NEAREST,NEAREST-2,T1,NEAREST-2.log,1126,,,93.18,5,,NEAREST,5,30,1,,10,16,420,8,,2,74.40,,1002,,,5,18.78s,
return_time,NEAREST,NEAREST-2,T1,NEAREST-2.log,1245,10.03s,102.98,,5,93.15,NEAREST,5,30,1,19.52s,10,16,420,8,,2,,9.82s,1002,,,5,,
wait_time,NEAREST,NEAREST-2,T1,NEAREST-2.log,1457,20.62s,,,6,,NEAREST,5,30,1,30.85s,10,16,420,8,,2,98.27,,1002,121.18,,5,,22.91s
total_time,NEAREST,NEAREST-2,T1,NEAREST-2.log,1486,,,123.23,6,,NEAREST,5,30,1,,10,16,420,8,,2,98.27,,1002,,,5,24.96s,
return_time,NEAREST,NEAREST-2,T1,NEAREST-2.log,1580,9.65s,130.94,,6,123.20,NEAREST,5,30,1,19.52s,10,16,420,8,,2,,7.74s,1002,,,5,,
wait_time,NEAREST,NEAREST-2,T2,NEAREST-2.log,1701,21.71s,,,7,,NEAREST,5,30,1,30.85s,10,16,420,8,,2,112.35,,1002,140.64,,5,,28.29s
total_time,NEAREST,NEAREST-2,T2,NEAREST-2.log,1729,,,142.69,7,,NEAREST,5,30,1,,10,16,420,8,,2,112.35,,1002,,,5,30.34s,
return_time,NEAREST,NEAREST-2,T2,NEAREST-2.log,1869,10.14s,155.74,,7,142.66,NEAREST,5,30,1,19.52s,10,16,420,8,,2,,13.09s,1002,,,5,,
wait_time,NEAREST,NEAREST-2,T2,NEAREST-2.log,2078,22.61s,,,8,,NEAREST,5,30,1,30.85s,10,16,420,8,,2,144.48,,1002,173.34,,5,,28.86s
total_time,NEAREST,NEAREST-2,T2,NEAREST-2.log,2106,,,175.39,8,,NEAREST,5,30,1,,10,16,420,8,,2,144.48,,1002,,,5,30.91s,
return_time,NEAREST,NEAREST-2,T2,NEAREST-2.log,2359,11.49s,196.32,,8,175.36,NEAREST,5,30,1,20.96s,10,16,420,8,,2,,20.96s,1002,,,5,,
wait_time,NEAREST,NEAREST-2,T2,NEAREST-2.log,2569,24.07s,,,9,,NEAREST,5,30,1,35.81s,10,16,420,8,,2,180.26,,1002,216.06,,5,,35.81s
total_time,NEAREST,NEAREST-2,T2,NEAREST-2.log,2595,,,218.11,9,,NEAREST,5,30,1,,10,16,420,8,,2,180.26,,1002,,,5,37.86s,
return_time,NEAREST,NEAREST-2,T2,NEAREST-2.log,2739,11.57s,230.27,,9,218.08,NEAREST,5,30,1,20.96s,10,16,420,8,,2,,12.19s,1002,,,5,,
wait_time,NEAREST,NEAREST-2,T2,NEAREST-2.log,2854,23.44s,,,10,,NEAREST,5,30,1,35.81s,10,16,420,8,,2,220.99,,1002,238.72,,5,,17.73s
total_time,NEAREST,NEAREST-2,T2,NEAREST-2.log,2880,,,240.77,10,,NEAREST,5,30,1,,10,16,420,8,,2,220.99,,1002,,,5,19.78s,
pending_wait,NEAREST,NEAREST-2,T1,NEAREST-2.log,2882,,,,,,NEAREST,5,30,1,,10,16,420,8,109.28s,2,131.49,,1002,,240.77,5,,
pending_wait,NEAREST,NEAREST-2,T3,NEAREST-2.log,2883,,,,,,NEAREST,5,30,1,,10,16,420,8,176.19s,2,64.58,,1002,,240.77,5,,
pending_wait,NEAREST,NEAREST-2,T4,NEAREST-2.log,2884,,,,,,NEAREST,5,30,1,,10,16,420,8,117.92s,2,122.85,,1002,,240.77,5,,
pending_wait,NEAREST,NEAREST-2,T5,NEAREST-2.log,2885,,,,,,NEAREST,5,30,1,,10,16,420,8,154.98s,2,85.79,,1002,,240.77,5,,
pending_wait,NEAREST,NEAREST-2,T6,NEAREST-2.log,2886,,,,,,NEAREST,5,30,1,,10,16,420,8,188.29s,2,52.48,,1002,,240.77,5,,
wait_time,NEAREST,NEAREST-3,T4,NEAREST-3.log,131,5.12s,,,1,,NEAREST,5,30,1,5.12s,10,16,420,8,,3,5.02,,1003,10.14,,5,,5.12s
total_time,NEAREST,NEAREST-3,T4,NEAREST-3.log,159,,,12.19,1,,NEAREST,5,30,1,,10,16,420,8,,3,5.02,,1003,,,5,7.17s,
return_time,NEAREST,NEAREST-3,T4,NEAREST-3.log,388,19.46s,31.62,,1,12.16,NEAREST,5,30,1,19.46s,10,16,420,8,,3,,19.46s,1003,,,5,,
wait_time,NEAREST,NEAREST-3,T2,NEAREST-3.log,483,13.52s,,,2,,NEAREST,5,30,1,21.92s,10,16,420,8,,3,17.50,,1003,39.42,,5,,21.92s
total_time,NEAREST,NEAREST-3,T2,NEAREST-3.log,509,,,41.47,2,,NEAREST,5,30,1,,10,16,420,8,,3,17.50,,1003,,,5,23.97s,
return_time,NEAREST,NEAREST-3,T2,NEAREST-3.log,560,11.86s,45.70,,2,41.44,NEAREST,5,30,1,19.46s,10,16,420,8,,3,,4.26s,1003,,,5,,
wait_time,NEAREST,NEAREST-3,T4,NEAREST-3.log,612,11.31s,,,3,,NEAREST,5,30,1,21.92s,10,16,420,8,,3,43.62,,1003,50.50,,5,,6.88s
total_time,NEAREST,NEAREST-3,T4,NEAREST-3.log,641,,,52.54,3,,NEAREST,5,30,1,,10,16,420,8,,3,43.62,,1003,,,5,8.93s,
return_time,NEAREST,NEAREST-3,T4,NEAREST-3.log,732,10.29s,59.68,,3,52.51,NEAREST,5,30,1,19.46s,10,16,420,8,,3,,7.17s,1003,,,5,,
wait_time,NEAREST,NEAREST-3,T5,NEAREST-3.log,922,19.68s,,,4,,NEAREST,5,30,1,44.80s,10,16,420,8,,3,31.30,,1003,76.10,,5,,44.80s
total_time,NEAREST,NEAREST-3,T5,NEAREST-3.log,948,,,78.14,4,,NEAREST,5,30,1,,10,16,420,8,,3,31.30,,1003,,,5,46.85s,
return_time,NEAREST,NEAREST-3,T5,NEAREST-3.log,1065,10.13s,87.74,,4,78.11,NEAREST,5,30,1,19.46s,10,16,420,8,,3,,9.63s,1003,,,5,,
wait_time,NEAREST,NEAREST-3,T2,NEAREST-3.log,1159,20.35s,,,5,,NEAREST,5,30,1,44.80s,10,16,420,8,,3,72.42,,1003,95.46,,5,,23.04s
total_time,NEAREST,NEAREST-3,T2,NEAREST-3.log,1185,,,97.50,5,,NEAREST,5,30,1,,10,16,420,8,,3,72.42,,1003,,,5,25.09s,
return_time,NEAREST,NEAREST-3,T2,NEAREST-3.log,1258,9.36s,103.74,,5,97.47,NEAREST,5,30,1,19.46s,10,16,420,8,,3,,6.27s,1003,,,5,,
wait_time,NEAREST,NEAREST-3,T4,NEAREST-3.log,1400,19.25s,,,6,,NEAREST,5,30,1,44.80s,10,16,420,8,,3,102.66,,1003,116.38,,5,,13.73s
total_time,NEAREST,NEAREST-3,T4,NEAREST-3.log,1426,,,118.43,6,,NEAREST,5,30,1,,10,16,420,8,,3,102.66,,1003,,,5,15.78s,
return_time,NEAREST,NEAREST-3,T4,NEAREST-3.log,1497,9.00s,125.60,,6,118.40,NEAREST,5,30,1,19.46s,10,16,420,8,,3,,7.20s,1003,,,5,,
wait_time,NEAREST,NEAREST-3,T1,NEAREST-3.log,1616,19.13s,,,7,,NEAREST,5,30,1,44.80s,10,16,420,8,,3,116.03,,1003,134.46,,5,,18.43s
total_time,NEAREST,NEAREST-3,T1,NEAREST-3.log,1644,,,136.51,7,,NEAREST,5,30,1,,10,16,420,8,,3,116.03,,1003,,,5,20.48s,
return_time,NEAREST,NEAREST-3,T1,NEAREST-3.log,1903,10.84s,158.40,,7,136.48,NEAREST,5,30,1,21.92s,10,16,420,8,,3,,21.92s,1003,,,5,,
wait_time,NEAREST,NEAREST-3,T2,NEAREST-3.log,1975,21.11s,,,8,,NEAREST,5,30,1,44.80s,10,16,420,8,,3,129.18,,1003,164.16,,5,,34.98s
total_time,NEAREST,NEAREST-3,T2,NEAREST-3.log,2001,,,166.21,8,,NEAREST,5,30,1,,10,16,420,8,,3,129.18,,1003,,,5,37.02s,
return_time,NEAREST,NEAREST-3,T2,NEAREST-3.log,2053,10.16s,171.52,,8,166.18,NEAREST,5,30,1,21.92s,10,16,420,8,,3,,5.34s,1003,,,5,,
wait_time,NEAREST,NEAREST-3,T2,NEAREST-3.log,2127,19.86s,,,9,,NEAREST,5,30,1,44.80s,10,16,420,8,,3,167.10,,1003,176.99,,5,,9.89s
total_time,NEAREST,NEAREST-3,T2,NEAREST-3.log,2153,,,179.04,9,,NEAREST,5,30,1,,10,16,420,8,,3,167.10,,1003,,,5,11.94s,
return_time,NEAREST,NEAREST-3,T2,NEAREST-3.log,2248,9.97s,187.49,,9,179.01,NEAREST,5,30,1,21.92s,10,16,420,8,,3,,8.48s,1003,,,5,,
wait_time,NEAREST,NEAREST-3,T2,NEAREST-3.log,2298,18.29s,,,10,,NEAREST,5,30,1,44.80s,10,16,420,8,,3,186.88,,1003,191.01,,5,,4.13s
total_time,NEAREST,NEAREST-3,T2,NEAREST-3.log,2324,,,193.06,10,,NEAREST,5,30,1,,10,16,420,8,,3,186.88,,1003,,,5,6.18s,
pending_wait,NEAREST,NEAREST-3,T1,NEAREST-3.log,2326,,,,,,NEAREST,5,30,1,,10,16,420,8,53.31s,3,139.74,,1003,,193.06,5,,
pending_wait,NEAREST,NEAREST-3,T3,NEAREST-3.log,2327,,,,,,NEAREST,5,30,1,,10,16,420,8,141.22s,3,51.84,,1003,,193.06,5,,
pending_wait,NEAREST,NEAREST-3,T4,NEAREST-3.log,2328,,,,,,NEAREST,5,30,1,,10,16,420,8,44.16s,3,148.90,,1003,,193.06,5,,
pending_wait,NEAREST,NEAREST-3,T5,NEAREST-3.log,2329,,,,,,NEAREST,5,30,1,,10,16,420,8,105.63s,3,87.42,,1003,,193.06,5,,
pending_wait,NEAREST,NEAREST-3,T6,NEAREST-3.log,2330,,,,,,NEAREST,5,30,1,,10,16,420,8,132.67s,3,60.38,,1003,,193.06,5,,
